en,zh-cn,zh-tw,pos,description,,,,,,,,,,,,,,,,,,,,,
Abidjan,阿比让,阿必尚,noun,洲、国家/地区、城市名称,,,,,,,,,,,,,,,,,,,,,
Accra,阿克拉,阿克拉,noun,洲、国家/地区、城市名称,,,,,,,,,,,,,,,,,,,,,
ACT,澳大利亚首都特区,澳大利首都特^,noun,洲、国家/地区、城市名称,,,,,,,,,,,,,,,,,,,,,
Adak,埃达克,埃_克,noun,洲、国家/地区、城市名称,,,,,,,,,,,,,,,,,,,,,
Addis Ababa,亚的斯亚贝巴,阿迪斯阿巴,noun,洲、国家/地区、城市名称,,,,,,,,,,,,,,,,,,,,,
Adelaide,阿德莱德,阿得雷德,noun,洲、国家/地区、城市名称,,,,,,,,,,,,,,,,,,,,,
Aden,亚丁,D,noun,洲、国家/地区、城市名称,,,,,,,,,,,,,,,,,,,,,
Algiers,阿尔及尔,阿及,noun,洲、国家/地区、城市名称,,,,,,,,,,,,,,,,,,,,,
Almaty,阿拉木图,阿R提,noun,洲、国家/地区、城市名称,,,,,,,,,,,,,,,,,,,,,
America,美国,美洲,noun,洲、国家/地区、城市名称,,,,,,,,,,,,,,,,,,,,,
Amman,安曼,安曼,noun,洲、国家/地区、城市名称,,,,,,,,,,,,,,,,,,,,,
Amsterdam,阿姆斯特丹,阿姆斯特丹,noun,洲、国家/地区、城市名称,,,,,,,,,,,,,,,,,,,,,
Anadyr,阿纳德尔,阿{底,noun,洲、国家/地区、城市名称,,,,,,,,,,,,,,,,,,,,,
Anchorage,安克雷奇,安克拉治,noun,洲、国家/地区、城市名称,,,,,,,,,,,,,,,,,,,,,
Andorra,安道尔,安道,noun,洲、国家/地区、城市名称,,,,,,,,,,,,,,,,,,,,,
Anguilla,安圭拉,安圭拉,noun,洲、国家/地区、城市名称,,,,,,,,,,,,,,,,,,,,,
Antananarivo,塔那那利佛,安塔那那利佛,noun,洲、国家/地区、城市名称,,,,,,,,,,,,,,,,,,,,,
Antarctica,南极洲,南O洲,noun,洲、国家/地区、城市名称,,,,,,,,,,,,,,,,,,,,,
Antigua,安提瓜,安地卡,noun,洲、国家/地区、城市名称,,,,,,,,,,,,,,,,,,,,,
Apia,阿皮亚,庇,noun,洲、国家/地区、城市名称,,,,,,,,,,,,,,,,,,,,,
Aqtau,阿克陶,阿克陶,noun,洲、国家/地区、城市名称,,,,,,,,,,,,,,,,,,,,,
Aqtobe,阿克托贝,阿克托比,noun,洲、国家/地区、城市名称,,,,,,,,,,,,,,,,,,,,,
Araguaina,阿拉瓜纳,阿拉瓜伊{,noun,洲、国家/地区、城市名称,,,,,,,,,,,,,,,,,,,,,
Arctic,北极,北O,noun,洲、国家/地区、城市名称,,,,,,,,,,,,,,,,,,,,,
Argentina,阿根廷,阿根廷,noun,洲、国家/地区、城市名称,,,,,,,,,,,,,,,,,,,,,
Aruba,阿鲁巴,阿路巴,noun,洲、国家/地区、城市名称,,,,,,,,,,,,,,,,,,,,,
Ashgabat,阿什哈巴德,阿什哈巴德,noun,洲、国家/地区、城市名称,,,,,,,,,,,,,,,,,,,,,
Ashkhabad,阿什哈巴德,阿什哈巴德,noun,洲、国家/地区、城市名称,,,,,,,,,,,,,,,,,,,,,
Asia,亚洲,洲,noun,洲、国家/地区、城市名称,,,,,,,,,,,,,,,,,,,,,
Asmara,阿斯马拉,阿斯R拉,noun,洲、国家/地区、城市名称,,,,,,,,,,,,,,,,,,,,,
Asmera,阿斯马拉,阿斯R拉,noun,洲、国家/地区、城市名称,,,,,,,,,,,,,,,,,,,,,
Astrakhan,阿斯特拉罕,阿斯特拉罕,noun,洲、国家/地区、城市名称,,,,,,,,,,,,,,,,,,,,,
Asuncion,亚松森,松森,noun,洲、国家/地区、城市名称,,,,,,,,,,,,,,,,,,,,,
Athens,雅典,雅典,noun,洲、国家/地区、城市名称,,,,,,,,,,,,,,,,,,,,,
Atikokan,阿蒂科坎,阿蒂科肯,noun,洲、国家/地区、城市名称,,,,,,,,,,,,,,,,,,,,,
Atka,阿特卡,阿特卡,noun,洲、国家/地区、城市名称,,,,,,,,,,,,,,,,,,,,,
Atlantic,大西洋,大西洋,noun,洲、国家/地区、城市名称,,,,,,,,,,,,,,,,,,,,,
Atyrau,阿特劳,阿特,noun,洲、国家/地区、城市名称,,,,,,,,,,,,,,,,,,,,,
Auckland,奥克兰,W克m,noun,洲、国家/地区、城市名称,,,,,,,,,,,,,,,,,,,,,
Australia,澳大利亚,澳洲,noun,洲、国家/地区、城市名称,,,,,,,,,,,,,,,,,,,,,
Azores,亚速尔群岛,述群u,noun,洲、国家/地区、城市名称,,,,,,,,,,,,,,,,,,,,,
Baghdad,巴格达,巴格_,noun,洲、国家/地区、城市名称,,,,,,,,,,,,,,,,,,,,,
Bahia,巴伊亚,巴伊,noun,洲、国家/地区、城市名称,,,,,,,,,,,,,,,,,,,,,
Bahia Banderas,巴伊亚班德拉斯,班德拉斯,noun,洲、国家/地区、城市名称,,,,,,,,,,,,,,,,,,,,,
Bahrain,巴林,巴林,noun,洲、国家/地区、城市名称,,,,,,,,,,,,,,,,,,,,,
Baku,巴库,巴,noun,洲、国家/地区、城市名称,,,,,,,,,,,,,,,,,,,,,
Bamako,巴马科,巴R科,noun,洲、国家/地区、城市名称,,,,,,,,,,,,,,,,,,,,,
Bangkok,曼谷,曼谷,noun,洲、国家/地区、城市名称,,,,,,,,,,,,,,,,,,,,,
Bangui,班吉,班基,noun,洲、国家/地区、城市名称,,,,,,,,,,,,,,,,,,,,,
Banjul,班珠尔,班竹,noun,洲、国家/地区、城市名称,,,,,,,,,,,,,,,,,,,,,
Barbados,巴巴多斯,巴多,noun,洲、国家/地区、城市名称,,,,,,,,,,,,,,,,,,,,,
Barnaul,巴尔瑙尔,巴瑙,noun,洲、国家/地区、城市名称,,,,,,,,,,,,,,,,,,,,,
Beirut,贝鲁特,特,noun,洲、国家/地区、城市名称,,,,,,,,,,,,,,,,,,,,,
Belem,贝伦,,noun,洲、国家/地区、城市名称,,,,,,,,,,,,,,,,,,,,,
Belfast,贝尔法斯特,l斯特,noun,洲、国家/地区、城市名称,,,,,,,,,,,,,,,,,,,,,
Belgrade,贝尔格莱德,格勒,noun,洲、国家/地区、城市名称,,,,,,,,,,,,,,,,,,,,,
Belize,伯利兹,里斯,noun,洲、国家/地区、城市名称,,,,,,,,,,,,,,,,,,,,,
Berlin,柏林,柏林,noun,洲、国家/地区、城市名称,,,,,,,,,,,,,,,,,,,,,
Bermuda,百慕大,百慕_,noun,洲、国家/地区、城市名称,,,,,,,,,,,,,,,,,,,,,
Beulah,比尤拉,比尤拉,noun,洲、国家/地区、城市名称,,,,,,,,,,,,,,,,,,,,,
Bishkek,比什凯克,比斯P克,noun,洲、国家/地区、城市名称,,,,,,,,,,,,,,,,,,,,,
Bissau,比绍,比索,noun,洲、国家/地区、城市名称,,,,,,,,,,,,,,,,,,,,,
Blanc-Sablon,布朗萨布隆,布郎_布隆,noun,洲、国家/地区、城市名称,,,,,,,,,,,,,,,,,,,,,
Blantyre,布兰太尔,布{泰,noun,洲、国家/地区、城市名称,,,,,,,,,,,,,,,,,,,,,
Boa Vista,博阿维斯塔,博阿S斯塔u,noun,洲、国家/地区、城市名称,,,,,,,,,,,,,,,,,,,,,
Bogota,波哥大,波哥大,noun,洲、国家/地区、城市名称,,,,,,,,,,,,,,,,,,,,,
Boise,博伊西,波夕,noun,洲、国家/地区、城市名称,,,,,,,,,,,,,,,,,,,,,
Bougainville,布干维尔岛,布干Su,noun,洲、国家/地区、城市名称,,,,,,,,,,,,,,,,,,,,,
Bratislava,布拉迪斯拉发,布拉提斯拉瓦,noun,洲、国家/地区、城市名称,,,,,,,,,,,,,,,,,,,,, 
Brazzaville,布拉柴维尔,布拉_市,noun,洲、国家/地区、城市名称,,,,,,,,,,,,,,,,,,,,,
Brisbane,布里斯班,布里斯本,noun,洲、国家/地区、城市名称,,,,,,,,,,,,,,,,,,,,,
Broken Hill,布罗肯希尔,布_肯希,noun,洲、国家/地区、城市名称,,,,,,,,,,,,,,,,,,,,,
browser,浏览器,g[器,noun,洲、国家/地区、城市名称,,,,,,,,,,,,,,,,,,,,,
Brunei,文莱,汶R,noun,洲、国家/地区、城市名称,,,,,,,,,,,,,,,,,,,,,
Brussels,布鲁塞尔,布塞,noun,洲、国家/地区、城市名称,,,,,,,,,,,,,,,,,,,,,
Bucharest,布加勒斯特,布加勒斯特,noun,洲、国家/地区、城市名称,,,,,,,,,,,,,,,,,,,,,
Budapest,布达佩斯,布_佩斯,noun,洲、国家/地区、城市名称,,,,,,,,,,,,,,,,,,,,,
Buenos Aires,布宜诺斯艾利斯,布宜Z斯艾利斯,noun,洲、国家/地区、城市名称,,,,,,,,,,,,,,,,,,,,,
Bujumbura,布琼布拉,布松布拉,noun,洲、国家/地区、城市名称,,,,,,,,,,,,,,,,,,,,,
Busingen,布辛根,布辛根,noun,洲、国家/地区、城市名称,,,,,,,,,,,,,,,,,,,,,
Cairo,开罗,__,noun,洲、国家/地区、城市名称,,,,,,,,,,,,,,,,,,,,,
Calcutta,加尔各答,加各答,noun,洲、国家/地区、城市名称,,,,,,,,,,,,,,,,,,,,,
Cambridge Bay,剑桥湾,,noun,洲、国家/地区、城市名称,,,,,,,,,,,,,,,,,,,,,
Campo Grande,大坎普,格m德I,noun,洲、国家/地区、城市名称,,,,,,,,,,,,,,,,,,,,,
Canary,加那利群岛,加那利群u,noun,洲、国家/地区、城市名称,,,,,,,,,,,,,,,,,,,,,
Canberra,堪培拉,坎培拉,noun,洲、国家/地区、城市名称,,,,,,,,,,,,,,,,,,,,,
Cancun,坎昆,坎昆,noun,洲、国家/地区、城市名称,,,,,,,,,,,,,,,,,,,,,
Cape Verde,佛得角,S德角,noun,洲、国家/地区、城市名称,,,,,,,,,,,,,,,,,,,,,
Caracas,加拉加斯,卡拉卡斯,noun,洲、国家/地区、城市名称,,,,,,,,,,,,,,,,,,,,,
Casablanca,卡萨布兰卡,卡_布m卡,noun,洲、国家/地区、城市名称,,,,,,,,,,,,,,,,,,,,,
Casey,开西站,_西站,noun,洲、国家/地区、城市名称,,,,,,,,,,,,,,,,,,,,,
Catamarca,卡塔马卡,卡_R卡,noun,洲、国家/地区、城市名称,,,,,,,,,,,,,,,,,,,,,
Cayenne,开云,_,noun,洲、国家/地区、城市名称,,,,,,,,,,,,,,,,,,,,,
Cayman,开曼群岛,_曼群u,noun,洲、国家/地区、城市名称,,,,,,,,,,,,,,,,,,,,,
Center,中心市,中心市,noun,洲、国家/地区、城市名称,,,,,,,,,,,,,,,,,,,,,
Ceuta,休达,修_,noun,洲、国家/地区、城市名称,,,,,,,,,,,,,,,,,,,,,
Chagos,查戈斯,查哥斯,noun,洲、国家/地区、城市名称,,,,,,,,,,,,,,,,,,,,,
Chatham,查塔姆,查塔姆群u,noun,洲、国家/地区、城市名称,,,,,,,,,,,,,,,,,,,,,
Chicago,芝加哥,芝加哥,noun,洲、国家/地区、城市名称,,,,,,,,,,,,,,,,,,,,,
Chihuahua,奇瓦瓦州,赤瓦瓦,noun,洲、国家/地区、城市名称,,,,,,,,,,,,,,,,,,,,,
Chisinau,基希讷乌,奇西瑙,noun,洲、国家/地区、城市名称,,,,,,,,,,,,,,,,,,,,,
Chita,赤塔,赤塔,noun,洲、国家/地区、城市名称,,,,,,,,,,,,,,,,,,,,,
Choibalsan,乔巴山,贪蜕,noun,洲、国家/地区、城市名称,,,,,,,,,,,,,,,,,,,,,
Chongqing,重庆,重c,noun,洲、国家/地区、城市名称,,,,,,,,,,,,,,,,,,,,,
Christmas,圣诞岛,}Qu,noun,洲、国家/地区、城市名称,,,,,,,,,,,,,,,,,,,,,
Chungking,重庆,重c,noun,洲、国家/地区、城市名称,,,,,,,,,,,,,,,,,,,,,
Chuuk,楚克岛,楚克u,noun,洲、国家/地区、城市名称,,,,,,,,,,,,,,,,,,,,,
Cocos,科科斯,可可斯群u,noun,洲、国家/地区、城市名称,,,,,,,,,,,,,,,,,,,,,
Colombo,科伦坡,可坡,noun,洲、国家/地区、城市名称,,,,,,,,,,,,,,,,,,,,,
ComodRivadavia,科莫德里瓦达维亚,科木多洛,noun,洲、国家/地区、城市名称,,,,,,,,,,,,,,,,,,,,,
Comoro,科摩罗,葛摩,noun,洲、国家/地区、城市名称,,,,,,,,,,,,,,,,,,,,,
Conakry,科纳克里,科{克里,noun,洲、国家/地区、城市名称,,,,,,,,,,,,,,,,,,,,,
Copenhagen,哥本哈根,哥本哈根,noun,洲、国家/地区、城市名称,,,,,,,,,,,,,,,,,,,,,
Coral Harbour,珊瑚港,珊瑚港,noun,洲、国家/地区、城市名称,,,,,,,,,,,,,,,,,,,,,
Cordoba,科尔多瓦,科多瓦,noun,洲、国家/地区、城市名称,,,,,,,,,,,,,,,,,,,,,
Costa Rica,哥斯达黎加,哥斯大黎加,noun,洲、国家/地区、城市名称,,,,,,,,,,,,,,,,,,,,,
Creston,克雷斯顿,克雷斯D,noun,洲、国家/地区、城市名称,,,,,,,,,,,,,,,,,,,,,
Cuiaba,库亚巴,古雅巴,noun,洲、国家/地区、城市名称,,,,,,,,,,,,,,,,,,,,,
Curacao,库拉索,古拉果,noun,洲、国家/地区、城市名称,,,,,,,,,,,,,,,,,,,,,
Currie,柯里,柯里,noun,洲、国家/地区、城市名称,,,,,,,,,,,,,,,,,,,,,
Dacca,达卡,_卡,noun,洲、国家/地区、城市名称,,,,,,,,,,,,,,,,,,,,,
Dakar,达喀尔,_卡,noun,洲、国家/地区、城市名称,,,,,,,,,,,,,,,,,,,,,
Damascus,大马士革,大R士革,noun,洲、国家/地区、城市名称,,,,,,,,,,,,,,,,,,,,,
Danmarkshavn,丹麦港,格陵m,noun,洲、国家/地区、城市名称,,,,,,,,,,,,,,,,,,,,,
Dar es Salaam,达累斯萨拉姆,_R撒m,noun,洲、国家/地区、城市名称,,,,,,,,,,,,,,,,,,,,,
Darwin,达尔文,_文,noun,洲、国家/地区、城市名称,,,,,,,,,,,,,,,,,,,,,
Davis,戴维斯站,戴S斯站,noun,洲、国家/地区、城市名称,,,,,,,,,,,,,,,,,,,,,
Dawson,道森市,道森市,noun,洲、国家/地区、城市名称,,,,,,,,,,,,,,,,,,,,,
Dawson Creek,道森克里克,道森河市,noun,洲、国家/地区、城市名称,,,,,,,,,,,,,,,,,,,,,
Denver,丹佛,丹佛,noun,洲、国家/地区、城市名称,,,,,,,,,,,,,,,,,,,,,
Detroit,底特律,底特律,noun,洲、国家/地区、城市名称,,,,,,,,,,,,,,,,,,,,,
Dhaka,达卡,_卡,noun,洲、国家/地区、城市名称,,,,,,,,,,,,,,,,,,,,,
Dili,帝力,帝利,noun,洲、国家/地区、城市名称,,,,,,,,,,,,,,,,,,,,,
Djibouti,吉布提,吉布地,noun,洲、国家/地区、城市名称,,,,,,,,,,,,,,,,,,,,,
Dominica,多米尼加,多明尼加,noun,洲、国家/地区、城市名称,,,,,,,,,,,,,,,,,,,,,
Douala,杜阿拉,杜阿拉,noun,洲、国家/地区、城市名称,,,,,,,,,,,,,,,,,,,,,
Dubai,迪拜,杜拜,noun,洲、国家/地区、城市名称,,,,,,,,,,,,,,,,,,,,,
Dublin,都柏林,都柏林,noun,洲、国家/地区、城市名称,,,,,,,,,,,,,,,,,,,,,
DumontDUrville,杜蒙・杜维尔,迪蒙・迪S站,noun,洲、国家/地区、城市名称,,,,,,,,,,,,,,,,,,,,,
Dushanbe,杜尚别,杜尚,noun,洲、国家/地区、城市名称,,,,,,,,,,,,,,,,,,,,,
Easter,复活节岛,突罟u,noun,洲、国家/地区、城市名称,,,,,,,,,,,,,,,,,,,,,
Edmonton,埃德蒙顿,艾德蒙D,noun,洲、国家/地区、城市名称,,,,,,,,,,,,,,,,,,,,,
Efate,埃法特,郯l提,noun,洲、国家/地区、城市名称,,,,,,,,,,,,,,,,,,,,,
Eirunepe,埃鲁内佩,埃扰,noun,洲、国家/地区、城市名称,,,,,,,,,,,,,,,,,,,,,
El Aaiun,埃尔阿尤恩,阿尤恩,noun,洲、国家/地区、城市名称,,,,,,,,,,,,,,,,,,,,,
El Salvador,萨尔瓦多,_瓦多,noun,洲、国家/地区、城市名称,,,,,,,,,,,,,,,,,,,,,
Enderbury,恩德伯里岛,恩德伯里u,noun,洲、国家/地区、城市名称,,,,,,,,,,,,,,,,,,,,,
Ensenada,恩塞纳达,恩瑟{_,noun,洲、国家/地区、城市名称,,,,,,,,,,,,,,,,,,,,,
Eucla,尤克拉,尤克拉,noun,洲、国家/地区、城市名称,,,,,,,,,,,,,,,,,,,,,
Europe,欧洲,W洲,noun,洲、国家/地区、城市名称,,,,,,,,,,,,,,,,,,,,,
Faeroe,法罗群岛,法_群u,noun,洲、国家/地区、城市名称,,,,,,,,,,,,,,,,,,,,,
Fakaofo,法考福,法克W佛,noun,洲、国家/地区、城市名称,,,,,,,,,,,,,,,,,,,,,
Famagusta,法马古斯塔,法R古斯塔,noun,洲、国家/地区、城市名称,,,,,,,,,,,,,,,,,,,,,
Faroe,法罗群岛,法_群u,noun,洲、国家/地区、城市名称,,,,,,,,,,,,,,,,,,,,,
Fiji,斐济,斐,noun,洲、国家/地区、城市名称,,,,,,,,,,,,,,,,,,,,,
Fort Nelson,纳尔逊堡,{d堡,noun,洲、国家/地区、城市名称,,,,,,,,,,,,,,,,,,,,,
Fort Wayne,韦恩堡,f恩堡,noun,洲、国家/地区、城市名称,,,,,,,,,,,,,,,,,,,,,
Fortaleza,福塔雷萨,福塔力沙,noun,洲、国家/地区、城市名称,,,,,,,,,,,,,,,,,,,,,
Freetown,弗里敦,自由城,noun,洲、国家/地区、城市名称,,,,,,,,,,,,,,,,,,,,,
Funafuti,富纳富提,富{富提,noun,洲、国家/地区、城市名称,,,,,,,,,,,,,,,,,,,,,
Gaborone,哈博罗内,嘉柏隆里,noun,洲、国家/地区、城市名称,,,,,,,,,,,,,,,,,,,,,
Galapagos,加拉帕戈斯群岛,加拉巴哥群u,noun,洲、国家/地区、城市名称,,,,,,,,,,,,,,,,,,,,,
Gambier,甘比尔群岛,甘比群u,noun,洲、国家/地区、城市名称,,,,,,,,,,,,,,,,,,,,,
Gaza,加沙,加_,noun,洲、国家/地区、城市名称,,,,,,,,,,,,,,,,,,,,,
Gibraltar,直布罗陀,直布_陀,noun,洲、国家/地区、城市名称,,,,,,,,,,,,,,,,,,,,,
Glace Bay,格莱斯湾,格R斯,noun,洲、国家/地区、城市名称,,,,,,,,,,,,,,,,,,,,,
Godthab,戈特霍布,哥特哈布,noun,洲、国家/地区、城市名称,,,,,,,,,,,,,,,,,,,,,
Goose Bay,古斯湾,古斯,noun,洲、国家/地区、城市名称,,,,,,,,,,,,,,,,,,,,,
Grand Turk,大特克岛,格m土克,noun,洲、国家/地区、城市名称,,,,,,,,,,,,,,,,,,,,,
Greenwich,格林威治,格林威治,noun,洲、国家/地区、城市名称,,,,,,,,,,,,,,,,,,,,,
Grenada,格林纳达,格瑞那_,noun,洲、国家/地区、城市名称,,,,,,,,,,,,,,,,,,,,,
Guadalcanal,瓜达尔卡纳尔岛,瓜_卡那u,noun,洲、国家/地区、城市名称,,,,,,,,,,,,,,,,,,,,,
Guadeloupe,瓜德罗普岛,瓜地洛普,noun,洲、国家/地区、城市名称,,,,,,,,,,,,,,,,,,,,,
Guam,关岛,Pu,noun,洲、国家/地区、城市名称,,,,,,,,,,,,,,,,,,,,,
Guatemala,危地马拉,瓜地R拉,noun,洲、国家/地区、城市名称,,,,,,,,,,,,,,,,,,,,,
Guayaquil,瓜亚基尔,圭基,noun,洲、国家/地区、城市名称,,,,,,,,,,,,,,,,,,,,,
Guernsey,根西岛,根西u,noun,洲、国家/地区、城市名称,,,,,,,,,,,,,,,,,,,,,
Guyana,圭亚那,w那,noun,洲、国家/地区、城市名称,,,,,,,,,,,,,,,,,,,,,
Halifax,哈利法克斯,哈利法克斯,noun,洲、国家/地区、城市名称,,,,,,,,,,,,,,,,,,,,,
Harare,哈拉雷,哈拉雷,noun,洲、国家/地区、城市名称,,,,,,,,,,,,,,,,,,,,,
Harbin,哈尔滨,哈I,noun,洲、国家/地区、城市名称,,,,,,,,,,,,,,,,,,,,,
Havana,哈瓦那,哈瓦那,noun,洲、国家/地区、城市名称,,,,,,,,,,,,,,,,,,,,,
Hebron,希伯伦,希伯,noun,洲、国家/地区、城市名称,,,,,,,,,,,,,,,,,,,,,
Helsinki,赫尔辛基,赫辛基,noun,洲、国家/地区、城市名称,,,,,,,,,,,,,,,,,,,,,
Hermosillo,埃莫西约,埃莫西s,noun,洲、国家/地区、城市名称,,,,,,,,,,,,,,,,,,,,,
Ho Chi Minh,胡志明市,胡志明市,noun,洲、国家/地区、城市名称,,,,,,,,,,,,,,,,,,,,,
Hobart,霍巴特,霍巴特,noun,洲、国家/地区、城市名称,,,,,,,,,,,,,,,,,,,,,
Hong Kong,香港,香港,noun,洲、国家/地区、城市名称,,,,,,,,,,,,,,,,,,,,,
Honolulu,檀香山,檀香山,noun,洲、国家/地区、城市名称,,,,,,,,,,,,,,,,,,,,,
Hovd,科布多,哈霍德,noun,洲、国家/地区、城市名称,,,,,,,,,,,,,,,,,,,,,
Indian,印度,印度,noun,洲、国家/地区、城市名称,,,,,,,,,,,,,,,,,,,,,
Indiana,印第安纳州,印第安那州,noun,洲、国家/地区、城市名称,,,,,,,,,,,,,,,,,,,,,
Indianapolis,印第安纳波利斯,印第安{波利斯,noun,洲、国家/地区、城市名称,,,,,,,,,,,,,,,,,,,,,
Inuvik,因纽维克,因~S克,noun,洲、国家/地区、城市名称,,,,,,,,,,,,,,,,,,,,,
Iqaluit,伊卡卢伊特,伊魁特,noun,洲、国家/地区、城市名称,,,,,,,,,,,,,,,,,,,,,
Irkutsk,伊尔库茨克,伊齑慰,noun,洲、国家/地区、城市名称,,,,,,,,,,,,,,,,,,,,,
Isle of Man,马恩岛,曼u,noun,洲、国家/地区、城市名称,,,,,,,,,,,,,,,,,,,,,
Istanbul,伊斯坦布尔,伊斯坦堡,noun,洲、国家/地区、城市名称,,,,,,,,,,,,,,,,,,,,,
Jakarta,雅加达,雅加_,noun,洲、国家/地区、城市名称,,,,,,,,,,,,,,,,,,,,,
Jamaica,牙买加,牙I加,noun,洲、国家/地区、城市名称,,,,,,,,,,,,,,,,,,,,,
Jan Mayen,扬马延岛,央棉群u,noun,洲、国家/地区、城市名称,,,,,,,,,,,,,,,,,,,,,
Jayapura,查亚普拉,嘉雅浦拉,noun,洲、国家/地区、城市名称,,,,,,,,,,,,,,,,,,,,,
Jersey,泽西岛,晌u,noun,洲、国家/地区、城市名称,,,,,,,,,,,,,,,,,,,,,
Jerusalem,耶路撒冷,耶路撒冷,noun,洲、国家/地区、城市名称,,,,,,,,,,,,,,,,,,,,,
Johannesburg,约翰内斯堡,s翰尼斯堡,noun,洲、国家/地区、城市名称,,,,,,,,,,,,,,,,,,,,,
Johnston,约翰斯顿,詹斯Du,noun,洲、国家/地区、城市名称,,,,,,,,,,,,,,,,,,,,,
Juba,朱巴,朱巴,noun,洲、国家/地区、城市名称,,,,,,,,,,,,,,,,,,,,,
Jujuy,胡胡伊省,胡胡伊,noun,洲、国家/地区、城市名称,,,,,,,,,,,,,,,,,,,,,
Juneau,朱诺,朱Z,noun,洲、国家/地区、城市名称,,,,,,,,,,,,,,,,,,,,,
Kabul,喀布尔,喀布,noun,洲、国家/地区、城市名称,,,,,,,,,,,,,,,,,,,,,
Kaliningrad,加里宁格勒,卡里格勒,noun,洲、国家/地区、城市名称,,,,,,,,,,,,,,,,,,,,,
Kamchatka,堪察加半岛,堪察加,noun,洲、国家/地区、城市名称,,,,,,,,,,,,,,,,,,,,,
Kampala,坎帕拉,坎帕拉,noun,洲、国家/地区、城市名称,,,,,,,,,,,,,,,,,,,,,
Kanton,坎顿,坎D,noun,洲、国家/地区、城市名称,,,,,,,,,,,,,,,,,,,,,
Karachi,卡拉奇,克洛奇,noun,洲、国家/地区、城市名称,,,,,,,,,,,,,,,,,,,,,
Kashgar,喀什市,喀什市,noun,洲、国家/地区、城市名称,,,,,,,,,,,,,,,,,,,,,
Kathmandu,加德满都,加德M都,noun,洲、国家/地区、城市名称,,,,,,,,,,,,,,,,,,,,,
Katmandu,加德满都,加德M都,noun,洲、国家/地区、城市名称,,,,,,,,,,,,,,,,,,,,,
Kentucky,肯塔基州,肯塔基州,noun,洲、国家/地区、城市名称,,,,,,,,,,,,,,,,,,,,,
Kerguelen,凯尔盖朗,Pw朗群u,noun,洲、国家/地区、城市名称,,,,,,,,,,,,,,,,,,,,,
Khandyga,汉德加,h德加,noun,洲、国家/地区、城市名称,,,,,,,,,,,,,,,,,,,,,
Khartoum,喀土穆,喀土穆,noun,洲、国家/地区、城市名称,,,,,,,,,,,,,,,,,,,,,
Kiev,基辅,基o,noun,洲、国家/地区、城市名称,,,,,,,,,,,,,,,,,,,,,
Kigali,基加利,吉佳利,noun,洲、国家/地区、城市名称,,,,,,,,,,,,,,,,,,,,,
Kinshasa,金沙萨,金夏沙,noun,洲、国家/地区、城市名称,,,,,,,,,,,,,,,,,,,,,
Kiritimati,基里蒂马蒂,刻里提斯,noun,洲、国家/地区、城市名称,,,,,,,,,,,,,,,,,,,,,
Kirov,基洛夫,基洛夫,noun,洲、国家/地区、城市名称,,,,,,,,,,,,,,,,,,,,,
Knox,诺克斯,Z克斯,noun,洲、国家/地区、城市名称,,,,,,,,,,,,,,,,,,,,,
Knox IN,诺克斯,Z克斯,noun,洲、国家/地区、城市名称,,,,,,,,,,,,,,,,,,,,,
Kolkata,加尔各答,加各答,noun,洲、国家/地区、城市名称,,,,,,,,,,,,,,,,,,,,,
Kosrae,科斯雷,科瑟,noun,洲、国家/地区、城市名称,,,,,,,,,,,,,,,,,,,,,
Kralendijk,克拉伦代克,克拉代克,noun,洲、国家/地区、城市名称,,,,,,,,,,,,,,,,,,,,,
Krasnoyarsk,克拉斯诺亚尔斯克,克拉斯Z斯克,noun,洲、国家/地区、城市名称,,,,,,,,,,,,,,,,,,,,,
Kuala Lumpur,吉隆坡,吉隆坡,noun,洲、国家/地区、城市名称,,,,,,,,,,,,,,,,,,,,,
Kuching,古晋,古x,noun,洲、国家/地区、城市名称,,,,,,,,,,,,,,,,,,,,,
Kuwait,科威特,科威特,noun,洲、国家/地区、城市名称,,,,,,,,,,,,,,,,,,,,,
Kwajalein,夸贾林环礁,瓜加林u,noun,洲、国家/地区、城市名称,,,,,,,,,,,,,,,,,,,,,
Kyiv,基辅,基o,noun,洲、国家/地区、城市名称,,,,,,,,,,,,,,,,,,,,,
La Paz,拉巴斯,拉帕,noun,洲、国家/地区、城市名称,,,,,,,,,,,,,,,,,,,,,
La Rioja,拉里奥哈,拉里W哈,noun,洲、国家/地区、城市名称,,,,,,,,,,,,,,,,,,,,,
Lagos,拉各斯,拉哥斯,noun,洲、国家/地区、城市名称,,,,,,,,,,,,,,,,,,,,,
Libreville,利伯维尔,自由市,noun,洲、国家/地区、城市名称,,,,,,,,,,,,,,,,,,,,,
Lima,利马,利R,noun,洲、国家/地区、城市名称,,,,,,,,,,,,,,,,,,,,,
Lindeman,林德曼岛,林德曼u,noun,洲、国家/地区、城市名称,,,,,,,,,,,,,,,,,,,,,
Lisbon,里斯本,里斯本,noun,洲、国家/地区、城市名称,,,,,,,,,,,,,,,,,,,,,
Ljubljana,卢布尔雅那,R布{,noun,洲、国家/地区、城市名称,,,,,,,,,,,,,,,,,,,,,
London,伦敦,敦,noun,洲、国家/地区、城市名称,,,,,,,,,,,,,,,,,,,,,
Longyearbyen,朗伊尔城,宜比恩,noun,洲、国家/地区、城市名称,,,,,,,,,,,,,,,,,,,,,
Lord Howe,豪勋爵,_豪,noun,洲、国家/地区、城市名称,,,,,,,,,,,,,,,,,,,,,
Los Angeles,洛杉矶,洛杉,noun,洲、国家/地区、城市名称,,,,,,,,,,,,,,,,,,,,,
Louisville,刘易斯维尔,路易S,noun,洲、国家/地区、城市名称,,,,,,,,,,,,,,,,,,,,,
Lower Princes,下太子区,下太子^,noun,洲、国家/地区、城市名称,,,,,,,,,,,,,,,,,,,,,
Luanda,罗安达,R安_,noun,洲、国家/地区、城市名称,,,,,,,,,,,,,,,,,,,,,
Lubumbashi,卢本巴希,_彭巴布,noun,洲、国家/地区、城市名称,,,,,,,,,,,,,,,,,,,,,
Lusaka,卢萨卡,路沙卡,noun,洲、国家/地区、城市名称,,,,,,,,,,,,,,,,,,,,,
Luxembourg,卢森堡,R森堡,noun,洲、国家/地区、城市名称,,,,,,,,,,,,,,,,,,,,,
Macao,澳门,澳T,noun,洲、国家/地区、城市名称,,,,,,,,,,,,,,,,,,,,,
Macau,澳门,澳T,noun,洲、国家/地区、城市名称,,,,,,,,,,,,,,,,,,,,,
Maceio,马塞约,R瑟W,noun,洲、国家/地区、城市名称,,,,,,,,,,,,,,,,,,,,,
Macquarie,麦格理岛,加利u,noun,洲、国家/地区、城市名称,,,,,,,,,,,,,,,,,,,,,
Madeira,马德拉群岛,R迪拉群u,noun,洲、国家/地区、城市名称,,,,,,,,,,,,,,,,,,,,,
Madrid,马德里,R德里,noun,洲、国家/地区、城市名称,,,,,,,,,,,,,,,,,,,,,
Magadan,马加丹,R加丹,noun,洲、国家/地区、城市名称,,,,,,,,,,,,,,,,,,,,,
Mahe,马埃岛,R赫,noun,洲、国家/地区、城市名称,,,,,,,,,,,,,,,,,,,,,
Majuro,马朱罗,哲,noun,洲、国家/地区、城市名称,,,,,,,,,,,,,,,,,,,,,
Makassar,望加锡,加沙,noun,洲、国家/地区、城市名称,,,,,,,,,,,,,,,,,,,,,
Malabo,马拉博,R拉博,noun,洲、国家/地区、城市名称,,,,,,,,,,,,,,,,,,,,,
Maldives,马尔代夫,R地夫,noun,洲、国家/地区、城市名称,,,,,,,,,,,,,,,,,,,,,
Malta,马耳他,R他,noun,洲、国家/地区、城市名称,,,,,,,,,,,,,,,,,,,,,
Managua,马那瓜,R{瓜,noun,洲、国家/地区、城市名称,,,,,,,,,,,,,,,,,,,,,
Manaus,马瑙斯,瑙斯,noun,洲、国家/地区、城市名称,,,,,,,,,,,,,,,,,,,,,
Manila,马尼拉,R尼拉,noun,洲、国家/地区、城市名称,,,,,,,,,,,,,,,,,,,,,
Maputo,马普托,R布多,noun,洲、国家/地区、城市名称,,,,,,,,,,,,,,,,,,,,,
Marengo,马伦戈,R戈,noun,洲、国家/地区、城市名称,,,,,,,,,,,,,,,,,,,,,
Mariehamn,玛丽港,港,noun,洲、国家/地区、城市名称,,,,,,,,,,,,,,,,,,,,,
Marigot,马里戈特,R里戈,noun,洲、国家/地区、城市名称,,,,,,,,,,,,,,,,,,,,,
Marquesas,马克萨斯,R克沙斯,noun,洲、国家/地区、城市名称,,,,,,,,,,,,,,,,,,,,,
Martinique,马提尼克岛,R丁尼克,noun,洲、国家/地区、城市名称,,,,,,,,,,,,,,,,,,,,,
Maseru,马塞卢,R塞,noun,洲、国家/地区、城市名称,,,,,,,,,,,,,,,,,,,,,
Matamoros,马塔莫罗斯,R塔莫_斯,noun,洲、国家/地区、城市名称,,,,,,,,,,,,,,,,,,,,,
Mauritius,毛里求斯,模里西斯,noun,洲、国家/地区、城市名称,,,,,,,,,,,,,,,,,,,,,
Mawson,莫森,茂d,noun,洲、国家/地区、城市名称,,,,,,,,,,,,,,,,,,,,,
Mayotte,马约特岛,Rs特u,noun,洲、国家/地区、城市名称,,,,,,,,,,,,,,,,,,,,,
Mazatlan,马萨特兰,R札特m,noun,洲、国家/地区、城市名称,,,,,,,,,,,,,,,,,,,,,
Mbabane,姆巴巴内,墨巴本,noun,洲、国家/地区、城市名称,,,,,,,,,,,,,,,,,,,,,
McMurdo,麦克默多,克R多,noun,洲、国家/地区、城市名称,,,,,,,,,,,,,,,,,,,,,
Melbourne,墨尔本,墨本,noun,洲、国家/地区、城市名称,,,,,,,,,,,,,,,,,,,,,
Mendoza,门多萨,T多_,noun,洲、国家/地区、城市名称,,,,,,,,,,,,,,,,,,,,,
Menominee,梅诺米尼,梅Z米尼,noun,洲、国家/地区、城市名称,,,,,,,,,,,,,,,,,,,,,
Merida,梅里达,梅里_,noun,洲、国家/地区、城市名称,,,,,,,,,,,,,,,,,,,,,
Metlakatla,梅特拉卡特拉,梅特拉卡特拉,noun,洲、国家/地区、城市名称,,,,,,,,,,,,,,,,,,,,,
Mexico City,墨西哥城,墨西哥城,noun,洲、国家/地区、城市名称,,,,,,,,,,,,,,,,,,,,,
Midway,中途岛,中途u,noun,洲、国家/地区、城市名称,,,,,,,,,,,,,,,,,,,,,
Minsk,明斯克,明斯克,noun,洲、国家/地区、城市名称,,,,,,,,,,,,,,,,,,,,,
Miquelon,密克隆群岛,密克隆群u,noun,洲、国家/地区、城市名称,,,,,,,,,,,,,,,,,,,,,
Mogadishu,摩加迪沙,摩加迪休,noun,洲、国家/地区、城市名称,,,,,,,,,,,,,,,,,,,,,
Monaco,摩纳哥,摩{哥,noun,洲、国家/地区、城市名称,,,,,,,,,,,,,,,,,,,,,
Moncton,蒙克顿,蒙克D,noun,洲、国家/地区、城市名称,,,,,,,,,,,,,,,,,,,,,
Monrovia,蒙罗维亚,蒙_S,noun,洲、国家/地区、城市名称,,,,,,,,,,,,,,,,,,,,,
Monterrey,蒙特雷,蒙特利,noun,洲、国家/地区、城市名称,,,,,,,,,,,,,,,,,,,,,
Montevideo,蒙得维的亚,蒙特S多,noun,洲、国家/地区、城市名称,,,,,,,,,,,,,,,,,,,,,
Monticello,蒙蒂塞洛,蒙蒂塞洛,noun,洲、国家/地区、城市名称,,,,,,,,,,,,,,,,,,,,,
Montreal,蒙特利尔,蒙特,noun,洲、国家/地区、城市名称,,,,,,,,,,,,,,,,,,,,,
Montserrat,蒙特塞拉特,蒙特色拉特u,noun,洲、国家/地区、城市名称,,,,,,,,,,,,,,,,,,,,,
Moscow,莫斯科,莫斯科,noun,洲、国家/地区、城市名称,,,,,,,,,,,,,,,,,,,,,
Muscat,马斯喀特,R斯喀特,noun,洲、国家/地区、城市名称,,,,,,,,,,,,,,,,,,,,,
Nairobi,内罗毕,奈洛比,noun,洲、国家/地区、城市名称,,,,,,,,,,,,,,,,,,,,,
Nassau,拿骚,拿索,noun,洲、国家/地区、城市名称,,,,,,,,,,,,,,,,,,,,,
Nauru,瑙鲁,Z,noun,洲、国家/地区、城市名称,,,,,,,,,,,,,,,,,,,,,
Ndjamena,恩贾梅纳,恩加美{,noun,洲、国家/地区、城市名称,,,,,,,,,,,,,,,,,,,,,
New Salem,新塞勒姆,新_勒姆,noun,洲、国家/地区、城市名称,,,,,,,,,,,,,,,,,,,,,
New York,纽约,~s,noun,洲、国家/地区、城市名称,,,,,,,,,,,,,,,,,,,,,
Niamey,尼亚美,尼阿美,noun,洲、国家/地区、城市名称,,,,,,,,,,,,,,,,,,,,,
Nicosia,尼科西亚,尼古西,noun,洲、国家/地区、城市名称,,,,,,,,,,,,,,,,,,,,,
Nipigon,尼皮贡,尼皮,noun,洲、国家/地区、城市名称,,,,,,,,,,,,,,,,,,,,,
Nome,诺姆,Z姆,noun,洲、国家/地区、城市名称,,,,,,,,,,,,,,,,,,,,,
Norfolk,诺福克,Z福克,noun,洲、国家/地区、城市名称,,,,,,,,,,,,,,,,,,,,,
Noronha,诺罗尼亚,Z拉哈,noun,洲、国家/地区、城市名称,,,,,,,,,,,,,,,,,,,,,
North,北方,北I地,noun,洲、国家/地区、城市名称,,,,,,,,,,,,,,,,,,,,,
North Dakota,北达科他州,北_科他,noun,洲、国家/地区、城市名称,,,,,,,,,,,,,,,,,,,,,
Nouakchott,努瓦克肖特,Z克少,noun,洲、国家/地区、城市名称,,,,,,,,,,,,,,,,,,,,,
Noumea,努美阿,Z米,noun,洲、国家/地区、城市名称,,,,,,,,,,,,,,,,,,,,,
Novokuznetsk,新库兹涅茨克,新炱涅茨克,noun,洲、国家/地区、城市名称,,,,,,,,,,,,,,,,,,,,,
Novosibirsk,新西伯利亚,新西伯利,noun,洲、国家/地区、城市名称,,,,,,,,,,,,,,,,,,,,,
NSW,新南威尔士州,新南威斯省,noun,洲、国家/地区、城市名称,,,,,,,,,,,,,,,,,,,,,
Nuuk,努克,努克,noun,洲、国家/地区、城市名称,,,,,,,,,,,,,,,,,,,,,
Ojinaga,奥希纳加,W希{加,noun,洲、国家/地区、城市名称,,,,,,,,,,,,,,,,,,,,,
Omsk,鄂木斯克,鄂木斯克,noun,洲、国家/地区、城市名称,,,,,,,,,,,,,,,,,,,,,
Oral,乌拉尔,趵,noun,洲、国家/地区、城市名称,,,,,,,,,,,,,,,,,,,,,
Oslo,奥斯陆,W斯,noun,洲、国家/地区、城市名称,,,,,,,,,,,,,,,,,,,,,
Ouagadougou,瓦加杜古,瓦加杜古,noun,洲、国家/地区、城市名称,,,,,,,,,,,,,,,,,,,,,
Pacific,太平洋,太平洋,noun,洲、国家/地区、城市名称,,,,,,,,,,,,,,,,,,,,,
Pago Pago,帕果帕果,帕哥帕哥,noun,洲、国家/地区、城市名称,,,,,,,,,,,,,,,,,,,,,
Palau,帕劳,帛琉,noun,洲、国家/地区、城市名称,,,,,,,,,,,,,,,,,,,,,
Palmer,帕尔默,帕,noun,洲、国家/地区、城市名称,,,,,,,,,,,,,,,,,,,,,
Panama,巴拿马,巴拿R,noun,洲、国家/地区、城市名称,,,,,,,,,,,,,,,,,,,,,
Pangnirtung,庞纳通,皮{唐,noun,洲、国家/地区、城市名称,,,,,,,,,,,,,,,,,,,,,
Paramaribo,帕拉马里博,巴拉R利波,noun,洲、国家/地区、城市名称,,,,,,,,,,,,,,,,,,,,,
Paris,巴黎,巴黎,noun,洲、国家/地区、城市名称,,,,,,,,,,,,,,,,,,,,,
Perth,珀斯,伯斯,noun,洲、国家/地区、城市名称,,,,,,,,,,,,,,,,,,,,,
Petersburg,圣彼得堡,}彼得堡,noun,洲、国家/地区、城市名称,,,,,,,,,,,,,,,,,,,,,
Phnom Penh,金边,金,noun,洲、国家/地区、城市名称,,,,,,,,,,,,,,,,,,,,,
Phoenix,菲尼克斯,P凰城,noun,洲、国家/地区、城市名称,,,,,,,,,,,,,,,,,,,,,
Pitcairn,皮特凯恩,皮特康群u,noun,洲、国家/地区、城市名称,,,,,,,,,,,,,,,,,,,,,
Podgorica,波德戈里察,波德戈里察,noun,洲、国家/地区、城市名称,,,,,,,,,,,,,,,,,,,,,
Pohnpei,波纳佩岛,波{佩u,noun,洲、国家/地区、城市名称,,,,,,,,,,,,,,,,,,,,,
Ponape,波纳佩岛,波{佩u,noun,洲、国家/地区、城市名称,,,,,,,,,,,,,,,,,,,,,
Pontianak,坤甸,坤甸,noun,洲、国家/地区、城市名称,,,,,,,,,,,,,,,,,,,,,
Port Moresby,莫尔兹比港,莫斯港,noun,洲、国家/地区、城市名称,,,,,,,,,,,,,,,,,,,,,
Port of Spain,西班牙港,西班牙港,noun,洲、国家/地区、城市名称,,,,,,,,,,,,,,,,,,,,,
Port-au-Prince,太子港,太子港,noun,洲、国家/地区、城市名称,,,,,,,,,,,,,,,,,,,,,
Porto Acre,阿卡港,克港,noun,洲、国家/地区、城市名称,,,,,,,,,,,,,,,,,,,,,
Porto Velho,韦柳港,f柳港,noun,洲、国家/地区、城市名称,,,,,,,,,,,,,,,,,,,,,
Porto-Novo,波多诺伏港,新港,noun,洲、国家/地区、城市名称,,,,,,,,,,,,,,,,,,,,,
Prague,布拉格,布拉格,noun,洲、国家/地区、城市名称,,,,,,,,,,,,,,,,,,,,,
Puerto Rico,波多黎各,波多黎各,noun,洲、国家/地区、城市名称,,,,,,,,,,,,,,,,,,,,,
Punta Arenas,蓬塔阿雷纳斯,蓬塔阿雷{斯,noun,洲、国家/地区、城市名称,,,,,,,,,,,,,,,,,,,,,
Pyongyang,平壤,平壤,noun,洲、国家/地区、城市名称,,,,,,,,,,,,,,,,,,,,,
Qatar,卡塔尔,卡_,noun,洲、国家/地区、城市名称,,,,,,,,,,,,,,,,,,,,,
Qostanay,库斯塔奈,焖顾奈,noun,洲、国家/地区、城市名称,,,,,,,,,,,,,,,,,,,,,
Queensland,昆士兰州,昆士m省,noun,洲、国家/地区、城市名称,,,,,,,,,,,,,,,,,,,,,
Qyzylorda,克孜勒奥尔达,克孜勒W_,noun,洲、国家/地区、城市名称,,,,,,,,,,,,,,,,,,,,,
Rainy River,雷尼河区,雷尼河^,noun,洲、国家/地区、城市名称,,,,,,,,,,,,,,,,,,,,,
Rangoon,仰光,仰光,noun,洲、国家/地区、城市名称,,,,,,,,,,,,,,,,,,,,,
Rankin Inlet,兰金因莱特,m金音R特,noun,洲、国家/地区、城市名称,,,,,,,,,,,,,,,,,,,,,
Rarotonga,拉罗汤加岛,拉洛|加u,noun,洲、国家/地区、城市名称,,,,,,,,,,,,,,,,,,,,,
Recife,累西腓,累西腓,noun,洲、国家/地区、城市名称,,,,,,,,,,,,,,,,,,,,,
Regina,里贾纳,雷吉{,noun,洲、国家/地区、城市名称,,,,,,,,,,,,,,,,,,,,,
Resolute,雷索卢特,努{武特,noun,洲、国家/地区、城市名称,,,,,,,,,,,,,,,,,,,,,
Reunion,留尼汪,留尼旺,noun,洲、国家/地区、城市名称,,,,,,,,,,,,,,,,,,,,,
Reykjavik,雷克雅未克,雷克雅S克,noun,洲、国家/地区、城市名称,,,,,,,,,,,,,,,,,,,,,
Riga,里加,里加,noun,洲、国家/地区、城市名称,,,,,,,,,,,,,,,,,,,,,
Rio Branco,里奥布兰科,里s布m科,noun,洲、国家/地区、城市名称,,,,,,,,,,,,,,,,,,,,,
Rio Gallegos,里奥加耶戈斯,里W加耶戈斯,noun,洲、国家/地区、城市名称,,,,,,,,,,,,,,,,,,,,,
Riyadh,利雅得,利雅德,noun,洲、国家/地区、城市名称,,,,,,,,,,,,,,,,,,,,,
Rome,罗马,_R,noun,洲、国家/地区、城市名称,,,,,,,,,,,,,,,,,,,,,
Rosario,罗萨里奥,_沙略,noun,洲、国家/地区、城市名称,,,,,,,,,,,,,,,,,,,,,
Rothera,罗瑟拉,_瑟拉站,noun,洲、国家/地区、城市名称,,,,,,,,,,,,,,,,,,,,,
Saigon,西贡,胡志明市,noun,洲、国家/地区、城市名称,,,,,,,,,,,,,,,,,,,,,
Saipan,塞班岛,塞班u,noun,洲、国家/地区、城市名称,,,,,,,,,,,,,,,,,,,,,
Sakhalin,萨哈林岛,祉u,noun,洲、国家/地区、城市名称,,,,,,,,,,,,,,,,,,,,,
Salta,萨尔塔,_塔,noun,洲、国家/地区、城市名称,,,,,,,,,,,,,,,,,,,,,
Samara,萨马拉,沙R拉,noun,洲、国家/地区、城市名称,,,,,,,,,,,,,,,,,,,,,
Samarkand,撒马尔罕,撒R罕,noun,洲、国家/地区、城市名称,,,,,,,,,,,,,,,,,,,,,
Samoa,萨摩亚,_摩,noun,洲、国家/地区、城市名称,,,,,,,,,,,,,,,,,,,,,
San Juan,圣胡安,}胡安,noun,洲、国家/地区、城市名称,,,,,,,,,,,,,,,,,,,,,
San Luis,圣刘易斯,}路易斯,noun,洲、国家/地区、城市名称,,,,,,,,,,,,,,,,,,,,,
San Marino,圣马力诺,}R利Z,noun,洲、国家/地区、城市名称,,,,,,,,,,,,,,,,,,,,,
Santa Isabel,圣伊莎贝尔,}伊_,noun,洲、国家/地区、城市名称,,,,,,,,,,,,,,,,,,,,,
Santarem,圣塔伦,}塔,noun,洲、国家/地区、城市名称,,,,,,,,,,,,,,,,,,,,,
Santiago,圣地亚哥,}地牙哥,noun,洲、国家/地区、城市名称,,,,,,,,,,,,,,,,,,,,,
Santo Domingo,圣多明各,}多明哥,noun,洲、国家/地区、城市名称,,,,,,,,,,,,,,,,,,,,,
Sao Paulo,圣保罗,}保_,noun,洲、国家/地区、城市名称,,,,,,,,,,,,,,,,,,,,,
Sao Tome,圣多美,}多美,noun,洲、国家/地区、城市名称,,,,,,,,,,,,,,,,,,,,,
Sarajevo,萨拉热窝,塞拉耶佛,noun,洲、国家/地区、城市名称,,,,,,,,,,,,,,,,,,,,,
Saratov,萨拉托夫,_拉托夫,noun,洲、国家/地区、城市名称,,,,,,,,,,,,,,,,,,,,,
Scoresbysund,斯科斯比松,斯可比,noun,洲、国家/地区、城市名称,,,,,,,,,,,,,,,,,,,,,
Seoul,首尔,首,noun,洲、国家/地区、城市名称,,,,,,,,,,,,,,,,,,,,,
Shanghai,上海,上海,noun,洲、国家/地区、城市名称,,,,,,,,,,,,,,,,,,,,,
Shiprock,希普罗克,希普_克峰,noun,洲、国家/地区、城市名称,,,,,,,,,,,,,,,,,,,,,
Simferopol,辛菲罗波尔,欣佛洛普,noun,洲、国家/地区、城市名称,,,,,,,,,,,,,,,,,,,,,
Singapore,新加坡,新加坡,noun,洲、国家/地区、城市名称,,,,,,,,,,,,,,,,,,,,,
Sitka,锡特卡,矽地卡,noun,洲、国家/地区、城市名称,,,,,,,,,,,,,,,,,,,,,
Skopje,斯科普里,斯高彼,noun,洲、国家/地区、城市名称,,,,,,,,,,,,,,,,,,,,,
Sofia,索菲亚,索菲,noun,洲、国家/地区、城市名称,,,,,,,,,,,,,,,,,,,,,
South,南方,南澳省,noun,洲、国家/地区、城市名称,,,,,,,,,,,,,,,,,,,,,
South Georgia,南乔治亚岛,南讨,noun,洲、国家/地区、城市名称,,,,,,,,,,,,,,,,,,,,,
South Pole,南极,南O,noun,洲、国家/地区、城市名称,,,,,,,,,,,,,,,,,,,,,
Srednekolymsk,中科雷姆斯克,中科雷姆斯克,noun,洲、国家/地区、城市名称,,,,,,,,,,,,,,,,,,,,,
St Barthelemy,圣巴泰勒米岛,}巴泰勒米,noun,洲、国家/地区、城市名称,,,,,,,,,,,,,,,,,,,,,
St Helena,圣赫勒拿岛,}赫勒拿u,noun,洲、国家/地区、城市名称,,,,,,,,,,,,,,,,,,,,,
St Johns,圣约翰斯,}s翰,noun,洲、国家/地区、城市名称,,,,,,,,,,,,,,,,,,,,,
St Kitts,圣基茨,}克里斯多福,noun,洲、国家/地区、城市名称,,,,,,,,,,,,,,,,,,,,,
St Lucia,圣卢西亚,}露西,noun,洲、国家/地区、城市名称,,,,,,,,,,,,,,,,,,,,,
St Thomas,圣托马斯,}士,noun,洲、国家/地区、城市名称,,,,,,,,,,,,,,,,,,,,,
St Vincent,圣文森特,}文森,noun,洲、国家/地区、城市名称,,,,,,,,,,,,,,,,,,,,,
Stanley,斯坦利,史坦R,noun,洲、国家/地区、城市名称,,,,,,,,,,,,,,,,,,,,,
Stockholm,斯德哥尔摩,斯德哥摩,noun,洲、国家/地区、城市名称,,,,,,,,,,,,,,,,,,,,,
Sydney,悉尼,雪梨,noun,洲、国家/地区、城市名称,,,,,,,,,,,,,,,,,,,,,
Syowa,昭和,昭和站,noun,洲、国家/地区、城市名称,,,,,,,,,,,,,,,,,,,,,
Tahiti,塔希提岛,大溪地,noun,洲、国家/地区、城市名称,,,,,,,,,,,,,,,,,,,,,
Taipei,台北,台北,noun,洲、国家/地区、城市名称,,,,,,,,,,,,,,,,,,,,,
Tallinn,塔林,塔林,noun,洲、国家/地区、城市名称,,,,,,,,,,,,,,,,,,,,,
Tarawa,塔拉瓦,塔拉瓦,noun,洲、国家/地区、城市名称,,,,,,,,,,,,,,,,,,,,,
Tashkent,塔什干,塔什干,noun,洲、国家/地区、城市名称,,,,,,,,,,,,,,,,,,,,,
Tasmania,塔斯马尼亚,塔斯R尼,noun,洲、国家/地区、城市名称,,,,,,,,,,,,,,,,,,,,,
Tbilisi,第比利斯,第比利斯,noun,洲、国家/地区、城市名称,,,,,,,,,,,,,,,,,,,,,
Tegucigalpa,特古西加尔巴,德古西加巴,noun,洲、国家/地区、城市名称,,,,,,,,,,,,,,,,,,,,,
Tehran,德黑兰,德黑m,noun,洲、国家/地区、城市名称,,,,,,,,,,,,,,,,,,,,,
Tel Aviv,特拉维夫,特拉S夫,noun,洲、国家/地区、城市名称,,,,,,,,,,,,,,,,,,,,,
Tell City,特尔城,特城,noun,洲、国家/地区、城市名称,,,,,,,,,,,,,,,,,,,,,
Thimbu,廷布,辛布,noun,洲、国家/地区、城市名称,,,,,,,,,,,,,,,,,,,,,
Thimphu,廷布,辛布,noun,洲、国家/地区、城市名称,,,,,,,,,,,,,,,,,,,,,
Thule,图勒,土里u,noun,洲、国家/地区、城市名称,,,,,,,,,,,,,,,,,,,,,
Thunder Bay,桑德贝,桑德,noun,洲、国家/地区、城市名称,,,,,,,,,,,,,,,,,,,,,
Tijuana,蒂华纳,提A{,noun,洲、国家/地区、城市名称,,,,,,,,,,,,,,,,,,,,,
Timbuktu,廷巴克图,廷巴克D,noun,洲、国家/地区、城市名称,,,,,,,,,,,,,,,,,,,,,
Tirane,地拉内,地拉那,noun,洲、国家/地区、城市名称,,,,,,,,,,,,,,,,,,,,,
Tiraspol,蒂拉斯波尔,提拉斯浦,noun,洲、国家/地区、城市名称,,,,,,,,,,,,,,,,,,,,,
Tokyo,东京,|京,noun,洲、国家/地区、城市名称,,,,,,,,,,,,,,,,,,,,,
Tomsk,托木斯克,托木斯克,noun,洲、国家/地区、城市名称,,,,,,,,,,,,,,,,,,,,,
Tongatapu,汤加塔布,|加塔普,noun,洲、国家/地区、城市名称,,,,,,,,,,,,,,,,,,,,,
Toronto,多伦多,多多,noun,洲、国家/地区、城市名称,,,,,,,,,,,,,,,,,,,,,
Tortola,托尔托拉岛,托托拉,noun,洲、国家/地区、城市名称,,,,,,,,,,,,,,,,,,,,,
Tripoli,的黎波里,的黎波里,noun,洲、国家/地区、城市名称,,,,,,,,,,,,,,,,,,,,,
Troll,特罗尔站,特_站,noun,洲、国家/地区、城市名称,,,,,,,,,,,,,,,,,,,,,
Truk,特鲁克,楚克,noun,洲、国家/地区、城市名称,,,,,,,,,,,,,,,,,,,,,
Tucuman,图库曼,D炻,noun,洲、国家/地区、城市名称,,,,,,,,,,,,,,,,,,,,,
Tunis,突尼斯,突尼斯,noun,洲、国家/地区、城市名称,,,,,,,,,,,,,,,,,,,,,
Ujung Pandang,乌戎潘当,a江,noun,洲、国家/地区、城市名称,,,,,,,,,,,,,,,,,,,,,
Ulaanbaatar,乌兰巴托,跆m巴托,noun,洲、国家/地区、城市名称,,,,,,,,,,,,,,,,,,,,,
Ulan Bator,乌兰巴托,跆m巴托,noun,洲、国家/地区、城市名称,,,,,,,,,,,,,,,,,,,,,
Ulyanovsk,乌里扬诺夫斯克,趵PZ夫斯克,noun,洲、国家/地区、城市名称,,,,,,,,,,,,,,,,,,,,,
Urumqi,乌鲁木齐,豸木R,noun,洲、国家/地区、城市名称,,,,,,,,,,,,,,,,,,,,,
Ushuaia,乌斯怀亚,跛,noun,洲、国家/地区、城市名称,,,,,,,,,,,,,,,,,,,,,
Ust-Nera,乌斯季内拉,跛辜灸拉,noun,洲、国家/地区、城市名称,,,,,,,,,,,,,,,,,,,,,
Uzhgorod,乌日哥罗德,跞栈袅_德,noun,洲、国家/地区、城市名称,,,,,,,,,,,,,,,,,,,,,
Vaduz,瓦杜兹,瓦都,noun,洲、国家/地区、城市名称,,,,,,,,,,,,,,,,,,,,,
Vancouver,温哥华,馗缛A,noun,洲、国家/地区、城市名称,,,,,,,,,,,,,,,,,,,,,
Vevay,韦韦,ff,noun,洲、国家/地区、城市名称,,,,,,,,,,,,,,,,,,,,,
Victoria,维多利亚,S多利省,noun,洲、国家/地区、城市名称,,,,,,,,,,,,,,,,,,,,,
Vienna,维也纳,S也{,noun,洲、国家/地区、城市名称,,,,,,,,,,,,,,,,,,,,,
Vientiane,万象,永珍,noun,洲、国家/地区、城市名称,,,,,,,,,,,,,,,,,,,,,
Vilnius,维尔纽斯,S~斯,noun,洲、国家/地区、城市名称,,,,,,,,,,,,,,,,,,,,,
Vincennes,万塞讷,森斯,noun,洲、国家/地区、城市名称,,,,,,,,,,,,,,,,,,,,,
Virgin,维京群岛,S京群u,noun,洲、国家/地区、城市名称,,,,,,,,,,,,,,,,,,,,,
Vladivostok,海参崴,海⑨,noun,洲、国家/地区、城市名称,,,,,,,,,,,,,,,,,,,,,
Volgograd,伏尔加格勒,伏加格勒,noun,洲、国家/地区、城市名称,,,,,,,,,,,,,,,,,,,,,
Vostok,沃斯托克,弗斯托克,noun,洲、国家/地区、城市名称,,,,,,,,,,,,,,,,,,,,,
Wake,威克岛,威克u,noun,洲、国家/地区、城市名称,,,,,,,,,,,,,,,,,,,,,
Wallis,沃利斯,瓦利斯,noun,洲、国家/地区、城市名称,,,,,,,,,,,,,,,,,,,,,
Warsaw,华沙,A沙,noun,洲、国家/地区、城市名称,,,,,,,,,,,,,,,,,,,,,
West,西方,西澳省,noun,洲、国家/地区、城市名称,,,,,,,,,,,,,,,,,,,,,
Whitehorse,怀特霍斯,白R,noun,洲、国家/地区、城市名称,,,,,,,,,,,,,,,,,,,,,
Winamac,维纳马克,威{R克,noun,洲、国家/地区、城市名称,,,,,,,,,,,,,,,,,,,,,
Windhoek,温得和克,赝驴,noun,洲、国家/地区、城市名称,,,,,,,,,,,,,,,,,,,,,
Winnipeg,温尼伯,啬岚,noun,洲、国家/地区、城市名称,,,,,,,,,,,,,,,,,,,,,
Yakutat,雅库塔特,焖特,noun,洲、国家/地区、城市名称,,,,,,,,,,,,,,,,,,,,,
Yakutsk,雅库茨克,雅齑目,noun,洲、国家/地区、城市名称,,,,,,,,,,,,,,,,,,,,,
Yancowinna,扬科温纳,P科S{,noun,洲、国家/地区、城市名称,,,,,,,,,,,,,,,,,,,,,
Yangon,仰光,仰光,noun,洲、国家/地区、城市名称,,,,,,,,,,,,,,,,,,,,,
Yap,雅浦岛,雅浦u,noun,洲、国家/地区、城市名称,,,,,,,,,,,,,,,,,,,,,
Yekaterinburg,叶卡捷琳堡,耶卡特伯格,noun,洲、国家/地区、城市名称,,,,,,,,,,,,,,,,,,,,,
Yellowknife,耶洛奈夫,耶洛奈夫,noun,洲、国家/地区、城市名称,,,,,,,,,,,,,,,,,,,,,
Yerevan,埃里温,~里,noun,洲、国家/地区、城市名称,,,,,,,,,,,,,,,,,,,,,
Zagreb,萨格勒布,札格雷布,noun,洲、国家/地区、城市名称,,,,,,,,,,,,,,,,,,,,,
Zaporozhye,扎波罗热,札波_Y,noun,洲、国家/地区、城市名称,,,,,,,,,,,,,,,,,,,,,
Zulu,祖鲁语,祖,noun,洲、国家/地区、城市名称,,,,,,,,,,,,,,,,,,,,,
Zurich,苏黎世,K黎世,noun,洲、国家/地区、城市名称,,,,,,,,,,,,,,,,,,,,,
Earthly Branch,地支,地支,noun,,,,,,,,,,,,,,,,,,,,,,
Falkland Islands,福克兰群岛,福克m群u,noun,,,,,,,,,,,,,,,,,,,,,,
Holy See,梵蒂冈,梵蒂,noun,,,,,,,,,,,,,,,,,,,,,,
Korea (the Democratic People's Republic of),朝鲜（民主主义人民共和国）,朝r,noun,,,,,,,,,,,,,,,,,,,,,,
Korea (the Republic of),韩国（共和国）,n,noun,,,,,,,,,,,,,,,,,,,,,,
language pack,语言包,Z言套件,noun,,,,,,,,,,,,,,,,,,,,,,
Lao,老挝,寮,noun,,,,,,,,,,,,,,,,,,,,,,
Lao People's Democratic Republi,老挝人民民主共和国,寮,noun,,,,,,,,,,,,,,,,,,,,,,
Laos,老挝,寮,noun,,,,,,,,,,,,,,,,,,,,,,
LHI,罗豪岛,_豪u,noun,,,,,,,,,,,,,,,,,,,,,,
Lome,洛美,洛梅,noun,,,,,,,,,,,,,,,,,,,,,,
Malvinas,马尔维纳斯,RS{斯,noun,,,,,,,,,,,,,,,,,,,,,,
South Korean,韩国,n,noun,,,,,,,,,,,,,,,,,,,,,,
United Kingdom,英国,英,noun,,,,,,,,,,,,,,,,,,,,,,
United Kingdom of Great Britain and Northern Ireland,大不列颠及北爱尔兰联合王国,大不列及北m合王,noun,,,,,,,,,,,,,,,,,,,,,,
United Kingdom of Great Britain and Northern Ireland,英国,英,noun,,,,,,,,,,,,,,,,,,,,,,
United States,美国,美,noun,,,,,,,,,,,,,,,,,,,,,,
United States of America,美国,美,noun,,,,,,,,,,,,,,,,,,,,,,
